Unnamed: 0,Synergy,Win_Rate,Win_Rate_Without_Card,P-Value
0,Mega Minion,0.6428571428571429,0.5476522547652255,0.5051733243337215
83,Musketeer,0.5873015873015873,0.547887323943662,0.8571364155923001
102,Goblin Drill,0.625,0.5446224256292906,1.0
31,Lava Hound,0.5619047619047619,0.5493295019157088,1.0
37,Goblin Cage,0.5714285714285714,0.5447452960073428,1.0
53,Golden Knight,0.574468085106383,0.5465983224603914,1.0
