Unnamed: 0,Synergy,Win_Rate,Win_Rate_Without_Card,P-Value
36,Goblin Cage,0.6,0.5504617414248021,1.0
68,Golem,0.5588235294117647,0.5511968085106383,1.0
