Unnamed: 0,Synergy,Win_Rate,Win_Rate_Without_Card,P-Value
4,Flying Machine,0.5726495726495726,0.5287151200519143,0.5990626472315812
3,Rascals,0.5957446808510638,0.5277510426692332,0.6776912278322309
46,Royal Delivery,0.5681818181818182,0.5274971941638609,0.8306486344331028
92,Bowler,0.5377358490566038,0.5279352226720648,1.0
102,Goblin Drill,0.5714285714285714,0.5271565495207667,1.0
74,Bomb Tower,0.5294117647058824,0.5272873194221509,1.0
