Unnamed: 0,Synergy,Win_Rate,Win_Rate_Without_Card,P-Value
21,Fisherman,0.5955056179775281,0.5491132332878581,0.6494008440802911
90,Three Musketeers,0.6,0.5463055834169174,0.7947745256391849
48,Earthquake,0.5714285714285714,0.5493296665520797,0.8928593473274836
30,Archer Queen,0.5584415584415584,0.5475543478260869,1.0
83,Barbarian Hut,0.55,0.5454848383872043,1.0
43,Hunter,0.5569620253164557,0.5475866757307953,1.0
92,Bowler,0.5660377358490566,0.546832884097035,1.0
