Unnamed: 0,Synergy,Win_Rate,Win_Rate_Without_Card,P-Value
106,Goblin Giant,0.7619047619047619,0.5643564356435643,0.32642363191211515
14,Goblins,0.5961538461538461,0.5652431791221827,0.8426702623394036
37,Goblin Cage,0.625,0.5630105017502918,1.0
91,Three Musketeers,0.6153846153846154,0.5617391304347826,1.0
