Unnamed: 0,Synergy,Win_Rate,Win_Rate_Without_Card,P-Value
3,Rascals,0.6666666666666666,0.5492757064830207,0.7103816512796232
80,Battle Healer,0.6153846153846154,0.5490149537146927,1.0
79,Skeleton Dragons,0.5529411764705883,0.5505916445303067,1.0
39,Royal Recruits,0.5714285714285714,0.5491082045184305,1.0
51,Elixir Collector,0.6086956521739131,0.549369497977635,1.0
36,Mighty Miner,0.6153846153846154,0.5490149537146927,1.0
