Unnamed: 0,Synergy,Win_Rate,Win_Rate_Without_Card,P-Value
63,Giant Snowball,0.6666666666666666,0.5494722955145118,0.7103816512796232
104,Lightning,0.5555555555555556,0.5485789821546596,1.0
15,Dark Prince,0.6086956521739131,0.5497347480106101,1.0
92,Monk,0.6,0.5478374836173001,1.0
29,Minions,0.5652173913043478,0.5490716180371353,1.0
37,Goblin Cage,0.6666666666666666,0.5477748691099477,1.0
47,Electro Giant,0.5833333333333334,0.5483870967741935,1.0
71,Rage,0.5555555555555556,0.550471063257066,1.0
107,Goblin Giant,0.6,0.5478374836173001,1.0
